Name,URL
GAP,https://raw.githubusercontent.com/gap-system/gap/master/benchmark/doublecoset/test1.g
GAP,https://raw.githubusercontent.com/gap-system/gap/master/benchmark/doublecoset/test2.g
GAP,https://raw.githubusercontent.com/gap-system/gap/master/benchmark/doublecoset/test3.g
GAP,https://raw.githubusercontent.com/gap-system/gap/master/benchmark/grpauto/test1.g
GAP,https://raw.githubusercontent.com/gap-system/gap/master/benchmark/grpauto/test2.g
GAP,https://raw.githubusercontent.com/gap-system/gap/master/benchmark/grpauto/test3.g
GAP,https://raw.githubusercontent.com/gap-system/gap/master/benchmark/grpconst/grpconst.g
GAP,https://raw.githubusercontent.com/gap-system/gap/master/benchmark/grpconst/test1.g
GAP,https://raw.githubusercontent.com/gap-system/gap/master/benchmark/grpconst/test2.g
GAP,https://raw.githubusercontent.com/gap-system/gap/master/benchmark/grpconst/test3.g
GAP,https://raw.githubusercontent.com/gap-system/gap/master/benchmark/matobj/bench-matelm-access.g
GAP,https://raw.githubusercontent.com/gap-system/gap/master/benchmark/matobj/bench-matobj-creation.g
GAP,https://raw.githubusercontent.com/gap-system/gap/master/benchmark/matobj/bench-vecobj-creation.g
GAP,https://raw.githubusercontent.com/gap-system/gap/master/benchmark/matobj/bench.g
GAP,https://raw.githubusercontent.com/gap-system/gap/master/benchmark/matrix/mattests.g
GAP,https://raw.githubusercontent.com/gap-system/gap/master/benchmark/primgrp/test1.g
GAP,https://raw.githubusercontent.com/gap-system/gap/master/benchmark/primgrp/test2.g
GAP,https://raw.githubusercontent.com/gap-system/gap/master/benchmark/primgrp/test3.g
GAP,https://raw.githubusercontent.com/gap-system/gap/master/benchmark/primgrp/testprim.g
GAP,https://raw.githubusercontent.com/gap-system/gap/master/benchmark/smallgrp/test1.g
GAP,https://raw.githubusercontent.com/gap-system/gap/master/benchmark/smallgrp/test2.g
GAP,https://raw.githubusercontent.com/gap-system/gap/master/benchmark/smallgrp/test3.g
GAP,https://raw.githubusercontent.com/gap-system/gap/master/benchmark/smallgrp/testgrps.g
GAP,https://raw.githubusercontent.com/gap-system/gap/master/benchmark/transclosure/test1.g
GAP,https://raw.githubusercontent.com/gap-system/gap/master/benchmark/transclosure/test2.g
GAP,https://raw.githubusercontent.com/gap-system/gap/master/benchmark/transclosure/test3.g
GAP,https://raw.githubusercontent.com/gap-system/gap/master/benchmark/transgrp/mintransind.g
GAP,https://raw.githubusercontent.com/gap-system/gap/master/benchmark/transgrp/pnormea.g
GAP,https://raw.githubusercontent.com/gap-system/gap/master/benchmark/transgrp/test1.g
GAP,https://raw.githubusercontent.com/gap-system/gap/master/benchmark/transgrp/test2.g
GAP,https://raw.githubusercontent.com/gap-system/gap/master/benchmark/transgrp/test3.g
GAP,https://raw.githubusercontent.com/gap-system/gap/master/dev/deleted-code/algfld.gd
GAP,https://raw.githubusercontent.com/gap-system/gap/master/dev/deleted-code/algfld.gi
GAP,https://raw.githubusercontent.com/gap-system/gap/master/dev/deleted-code/grp-classic.g
GAP,https://raw.githubusercontent.com/gap-system/gap/master/dev/gapmacro2gapdoc.g
GAP,https://raw.githubusercontent.com/gap-system/gap/master/dev/manualutils.g
GAP,https://raw.githubusercontent.com/gap-system/gap/master/dev/releases/HelpLinks-to-JSON.g
GAP,https://raw.githubusercontent.com/gap-system/gap/master/doc/dev/makedocrel.g
GAP,https://raw.githubusercontent.com/gap-system/gap/master/doc/dev/makedocreldata.g
GAP,https://raw.githubusercontent.com/gap-system/gap/master/doc/hpc/makedocrel.g
GAP,https://raw.githubusercontent.com/gap-system/gap/master/doc/hpc/makedocreldata.g
GAP,https://raw.githubusercontent.com/gap-system/gap/master/doc/ref/checkdocument.g
GAP,https://raw.githubusercontent.com/gap-system/gap/master/doc/ref/extractexamples.g
GAP,https://raw.githubusercontent.com/gap-system/gap/master/doc/ref/makedocrel.g
GAP,https://raw.githubusercontent.com/gap-system/gap/master/doc/ref/makedocreldata.g
GAP,https://raw.githubusercontent.com/gap-system/gap/master/doc/ref/runexamples.g
GAP,https://raw.githubusercontent.com/gap-system/gap/master/doc/ref/testconsistency.g
GAP,https://raw.githubusercontent.com/gap-system/gap/master/doc/tut/extractexamples.g
GAP,https://raw.githubusercontent.com/gap-system/gap/master/doc/tut/makedocrel.g
GAP,https://raw.githubusercontent.com/gap-system/gap/master/doc/tut/makedocreldata.g
GAP,https://raw.githubusercontent.com/gap-system/gap/master/doc/tut/runexamples.g
GAP,https://raw.githubusercontent.com/gap-system/gap/master/etc/gen_conway.g
GAP,https://raw.githubusercontent.com/gap-system/gap/master/etc/log2html.g
GAP,https://raw.githubusercontent.com/gap-system/gap/master/grp/basic.gd
GAP,https://raw.githubusercontent.com/gap-system/gap/master/grp/basicfp.gi
GAP,https://raw.githubusercontent.com/gap-system/gap/master/grp/basicmat.gi
GAP,https://raw.githubusercontent.com/gap-system/gap/master/grp/basicpcg.gi
GAP,https://raw.githubusercontent.com/gap-system/gap/master/grp/basicprm.gi
GAP,https://raw.githubusercontent.com/gap-system/gap/master/grp/classic.gd
GAP,https://raw.githubusercontent.com/gap-system/gap/master/grp/classic.gi
GAP,https://raw.githubusercontent.com/gap-system/gap/master/grp/glzmodmz.gd
GAP,https://raw.githubusercontent.com/gap-system/gap/master/grp/glzmodmz.gi
GAP,https://raw.githubusercontent.com/gap-system/gap/master/grp/imf.gd
GAP,https://raw.githubusercontent.com/gap-system/gap/master/grp/imf.gi
GAP,https://raw.githubusercontent.com/gap-system/gap/master/grp/perf.gd
GAP,https://raw.githubusercontent.com/gap-system/gap/master/grp/ree.gd
GAP,https://raw.githubusercontent.com/gap-system/gap/master/grp/ree.gi
GAP,https://raw.githubusercontent.com/gap-system/gap/master/grp/simple.gd
GAP,https://raw.githubusercontent.com/gap-system/gap/master/grp/simple.gi
GAP,https://raw.githubusercontent.com/gap-system/gap/master/grp/simple2.g
GAP,https://raw.githubusercontent.com/gap-system/gap/master/grp/suzuki.gd
GAP,https://raw.githubusercontent.com/gap-system/gap/master/grp/suzuki.gi
GAP,https://raw.githubusercontent.com/gap-system/gap/master/hpcgap/demo/Echelon.g
GAP,https://raw.githubusercontent.com/gap-system/gap/master/hpcgap/demo/actortest.g
GAP,https://raw.githubusercontent.com/gap-system/gap/master/hpcgap/demo/actortest2.g
GAP,https://raw.githubusercontent.com/gap-system/gap/master/hpcgap/demo/atomic.g
GAP,https://raw.githubusercontent.com/gap-system/gap/master/hpcgap/demo/bench.g
GAP,https://raw.githubusercontent.com/gap-system/gap/master/hpcgap/demo/cancel.g
GAP,https://raw.githubusercontent.com/gap-system/gap/master/hpcgap/demo/creator.g
GAP,https://raw.githubusercontent.com/gap-system/gap/master/hpcgap/demo/debugview.g
GAP,https://raw.githubusercontent.com/gap-system/gap/master/hpcgap/demo/demo.g
GAP,https://raw.githubusercontent.com/gap-system/gap/master/hpcgap/demo/factor.g
GAP,https://raw.githubusercontent.com/gap-system/gap/master/hpcgap/demo/fibtasks.g
GAP,https://raw.githubusercontent.com/gap-system/gap/master/hpcgap/demo/gc-bench.g
GAP,https://raw.githubusercontent.com/gap-system/gap/master/hpcgap/demo/intersection.g
GAP,https://raw.githubusercontent.com/gap-system/gap/master/hpcgap/demo/iterator.g
GAP,https://raw.githubusercontent.com/gap-system/gap/master/hpcgap/demo/karatsuba.g
GAP,https://raw.githubusercontent.com/gap-system/gap/master/hpcgap/demo/karatsuba2.g
GAP,https://raw.githubusercontent.com/gap-system/gap/master/hpcgap/demo/matmult.g
GAP,https://raw.githubusercontent.com/gap-system/gap/master/hpcgap/demo/matmult2.g
GAP,https://raw.githubusercontent.com/gap-system/gap/master/hpcgap/demo/migrate.g
GAP,https://raw.githubusercontent.com/gap-system/gap/master/hpcgap/demo/nqrun.g
GAP,https://raw.githubusercontent.com/gap-system/gap/master/hpcgap/demo/nqueens.g
GAP,https://raw.githubusercontent.com/gap-system/gap/master/hpcgap/demo/orbit.g
GAP,https://raw.githubusercontent.com/gap-system/gap/master/hpcgap/demo/orbit2.g
GAP,https://raw.githubusercontent.com/gap-system/gap/master/hpcgap/demo/parkit.g
GAP,https://raw.githubusercontent.com/gap-system/gap/master/hpcgap/demo/parlist.g
GAP,https://raw.githubusercontent.com/gap-system/gap/master/hpcgap/demo/parorbit/HN.g
GAP,https://raw.githubusercontent.com/gap-system/gap/master/hpcgap/demo/parorbit/J4.g
GAP,https://raw.githubusercontent.com/gap-system/gap/master/hpcgap/demo/parorbit/Ly.g
GAP,https://raw.githubusercontent.com/gap-system/gap/master/hpcgap/demo/parorbit/Th.g
GAP,https://raw.githubusercontent.com/gap-system/gap/master/hpcgap/demo/parorbit/parallelorbit1.g
GAP,https://raw.githubusercontent.com/gap-system/gap/master/hpcgap/demo/parorbit/parallelorbit2.g
GAP,https://raw.githubusercontent.com/gap-system/gap/master/hpcgap/demo/parorbit/parallelorbit3.g
GAP,https://raw.githubusercontent.com/gap-system/gap/master/hpcgap/demo/parorbit/parorbit-nohashservers.g
GAP,https://raw.githubusercontent.com/gap-system/gap/master/hpcgap/demo/parorbit/seqorbit.g
GAP,https://raw.githubusercontent.com/gap-system/gap/master/hpcgap/demo/partests.g
GAP,https://raw.githubusercontent.com/gap-system/gap/master/hpcgap/demo/rec-perf.g
GAP,https://raw.githubusercontent.com/gap-system/gap/master/hpcgap/demo/serialize.g
GAP,https://raw.githubusercontent.com/gap-system/gap/master/hpcgap/demo/serialize2.g
GAP,https://raw.githubusercontent.com/gap-system/gap/master/hpcgap/demo/serialize3.g
GAP,https://raw.githubusercontent.com/gap-system/gap/master/hpcgap/demo/serialize4.g
GAP,https://raw.githubusercontent.com/gap-system/gap/master/hpcgap/demo/strassen.g
GAP,https://raw.githubusercontent.com/gap-system/gap/master/hpcgap/demo/sumeuler.g
GAP,https://raw.githubusercontent.com/gap-system/gap/master/hpcgap/demo/testcvec.g
GAP,https://raw.githubusercontent.com/gap-system/gap/master/hpcgap/demo/testparkit.g
GAP,https://raw.githubusercontent.com/gap-system/gap/master/hpcgap/demo/testtasks.g
GAP,https://raw.githubusercontent.com/gap-system/gap/master/hpcgap/demo/testwp.g
GAP,https://raw.githubusercontent.com/gap-system/gap/master/hpcgap/demo/threads.g
GAP,https://raw.githubusercontent.com/gap-system/gap/master/hpcgap/demo/unittest.g
GAP,https://raw.githubusercontent.com/gap-system/gap/master/hpcgap/demo/view.g
GAP,https://raw.githubusercontent.com/gap-system/gap/master/hpcgap/lib/basis.gd
GAP,https://raw.githubusercontent.com/gap-system/gap/master/hpcgap/lib/basis.gi
GAP,https://raw.githubusercontent.com/gap-system/gap/master/hpcgap/lib/cmdleditx.g
GAP,https://raw.githubusercontent.com/gap-system/gap/master/hpcgap/lib/distributed/collective.g
GAP,https://raw.githubusercontent.com/gap-system/gap/master/hpcgap/lib/distributed/dist_tasks.g
GAP,https://raw.githubusercontent.com/gap-system/gap/master/hpcgap/lib/distributed/distgap.g
GAP,https://raw.githubusercontent.com/gap-system/gap/master/hpcgap/lib/distributed/globalobject.gd
GAP,https://raw.githubusercontent.com/gap-system/gap/master/hpcgap/lib/distributed/globalobject.gi
GAP,https://raw.githubusercontent.com/gap-system/gap/master/hpcgap/lib/distributed/globalobject_io.g
GAP,https://raw.githubusercontent.com/gap-system/gap/master/hpcgap/lib/distributed/globalobject_messages.g
GAP,https://raw.githubusercontent.com/gap-system/gap/master/hpcgap/lib/distributed/hicomm.g
GAP,https://raw.githubusercontent.com/gap-system/gap/master/hpcgap/lib/distributed/locomm.g
GAP,https://raw.githubusercontent.com/gap-system/gap/master/hpcgap/lib/distributed/loutils.g
GAP,https://raw.githubusercontent.com/gap-system/gap/master/hpcgap/lib/distributed/messageman.g
GAP,https://raw.githubusercontent.com/gap-system/gap/master/hpcgap/lib/distributed/work_stealing.g
GAP,https://raw.githubusercontent.com/gap-system/gap/master/hpcgap/lib/ffeconway.gi
GAP,https://raw.githubusercontent.com/gap-system/gap/master/hpcgap/lib/filter.gi
GAP,https://raw.githubusercontent.com/gap-system/gap/master/hpcgap/lib/helpbase.gi
GAP,https://raw.githubusercontent.com/gap-system/gap/master/hpcgap/lib/hpc/actor.g
GAP,https://raw.githubusercontent.com/gap-system/gap/master/hpcgap/lib/hpc/altview.g
GAP,https://raw.githubusercontent.com/gap-system/gap/master/hpcgap/lib/hpc/consoleui.g
GAP,https://raw.githubusercontent.com/gap-system/gap/master/hpcgap/lib/hpc/queue.g
GAP,https://raw.githubusercontent.com/gap-system/gap/master/hpcgap/lib/hpc/serialize.g
GAP,https://raw.githubusercontent.com/gap-system/gap/master/hpcgap/lib/hpc/smallrgn.g
GAP,https://raw.githubusercontent.com/gap-system/gap/master/hpcgap/lib/hpc/stdtasks.g
GAP,https://raw.githubusercontent.com/gap-system/gap/master/hpcgap/lib/hpc/tasks.g
GAP,https://raw.githubusercontent.com/gap-system/gap/master/hpcgap/lib/hpc/thread.g
GAP,https://raw.githubusercontent.com/gap-system/gap/master/hpcgap/lib/hpc/thread1.g
GAP,https://raw.githubusercontent.com/gap-system/gap/master/hpcgap/lib/mapping1.gi
GAP,https://raw.githubusercontent.com/gap-system/gap/master/hpcgap/lib/polyconw.gi
GAP,https://raw.githubusercontent.com/gap-system/gap/master/hpcgap/lib/primality.gi
GAP,https://raw.githubusercontent.com/gap-system/gap/master/hpcgap/lib/ratfun.gi
GAP,https://raw.githubusercontent.com/gap-system/gap/master/hpcgap/lib/rwspcgrp.gi
GAP,https://raw.githubusercontent.com/gap-system/gap/master/hpcgap/lib/tuples.gi
GAP,https://raw.githubusercontent.com/gap-system/gap/master/hpcgap/lib/variable.g
GAP,https://raw.githubusercontent.com/gap-system/gap/master/hpcgap/lib/vec8bit.gi
GAP,https://raw.githubusercontent.com/gap-system/gap/master/hpcgap/lib/vecmat.gi
GAP,https://raw.githubusercontent.com/gap-system/gap/master/lib/addcoset.gd
GAP,https://raw.githubusercontent.com/gap-system/gap/master/lib/addcoset.gi
GAP,https://raw.githubusercontent.com/gap-system/gap/master/lib/addgphom.gd
GAP,https://raw.githubusercontent.com/gap-system/gap/master/lib/addgphom.gi
GAP,https://raw.githubusercontent.com/gap-system/gap/master/lib/addmagma.gd
GAP,https://raw.githubusercontent.com/gap-system/gap/master/lib/addmagma.gi
GAP,https://raw.githubusercontent.com/gap-system/gap/master/lib/adjoin.gd
GAP,https://raw.githubusercontent.com/gap-system/gap/master/lib/adjoin.gi
GAP,https://raw.githubusercontent.com/gap-system/gap/master/lib/algebra.gd
GAP,https://raw.githubusercontent.com/gap-system/gap/master/lib/algebra.gi
GAP,https://raw.githubusercontent.com/gap-system/gap/master/lib/algfld.gd
GAP,https://raw.githubusercontent.com/gap-system/gap/master/lib/algfld.gi
GAP,https://raw.githubusercontent.com/gap-system/gap/master/lib/algfp.gd
GAP,https://raw.githubusercontent.com/gap-system/gap/master/lib/algfp.gi
GAP,https://raw.githubusercontent.com/gap-system/gap/master/lib/alghom.gd
GAP,https://raw.githubusercontent.com/gap-system/gap/master/lib/alghom.gi
GAP,https://raw.githubusercontent.com/gap-system/gap/master/lib/alglie.gd
GAP,https://raw.githubusercontent.com/gap-system/gap/master/lib/alglie.gi
GAP,https://raw.githubusercontent.com/gap-system/gap/master/lib/algliess.gi
GAP,https://raw.githubusercontent.com/gap-system/gap/master/lib/algmat.gi
GAP,https://raw.githubusercontent.com/gap-system/gap/master/lib/algrep.gd
GAP,https://raw.githubusercontent.com/gap-system/gap/master/lib/algrep.gi
GAP,https://raw.githubusercontent.com/gap-system/gap/master/lib/algsc.gd
GAP,https://raw.githubusercontent.com/gap-system/gap/master/lib/algsc.gi
GAP,https://raw.githubusercontent.com/gap-system/gap/master/lib/arith.gd
GAP,https://raw.githubusercontent.com/gap-system/gap/master/lib/arith.gi
GAP,https://raw.githubusercontent.com/gap-system/gap/master/lib/attr.gd
GAP,https://raw.githubusercontent.com/gap-system/gap/master/lib/attr.gi
GAP,https://raw.githubusercontent.com/gap-system/gap/master/lib/autsr.gi
GAP,https://raw.githubusercontent.com/gap-system/gap/master/lib/basis.gd
GAP,https://raw.githubusercontent.com/gap-system/gap/master/lib/basis.gi
GAP,https://raw.githubusercontent.com/gap-system/gap/master/lib/basismut.gd
GAP,https://raw.githubusercontent.com/gap-system/gap/master/lib/basismut.gi
GAP,https://raw.githubusercontent.com/gap-system/gap/master/lib/bitfields.gd
GAP,https://raw.githubusercontent.com/gap-system/gap/master/lib/bitfields.gi
GAP,https://raw.githubusercontent.com/gap-system/gap/master/lib/boolean.g
GAP,https://raw.githubusercontent.com/gap-system/gap/master/lib/cache.gd
GAP,https://raw.githubusercontent.com/gap-system/gap/master/lib/cache.gi
GAP,https://raw.githubusercontent.com/gap-system/gap/master/lib/clas.gd
GAP,https://raw.githubusercontent.com/gap-system/gap/master/lib/clas.gi
GAP,https://raw.githubusercontent.com/gap-system/gap/master/lib/clashom.gd
GAP,https://raw.githubusercontent.com/gap-system/gap/master/lib/clashom.gi
GAP,https://raw.githubusercontent.com/gap-system/gap/master/lib/claspcgs.gi
GAP,https://raw.githubusercontent.com/gap-system/gap/master/lib/clasperm.gi
GAP,https://raw.githubusercontent.com/gap-system/gap/master/lib/cmdledit.g
GAP,https://raw.githubusercontent.com/gap-system/gap/master/lib/cmdleditx.g
GAP,https://raw.githubusercontent.com/gap-system/gap/master/lib/coll.gd
GAP,https://raw.githubusercontent.com/gap-system/gap/master/lib/coll.gi
GAP,https://raw.githubusercontent.com/gap-system/gap/master/lib/colorprompt.g
GAP,https://raw.githubusercontent.com/gap-system/gap/master/lib/combinat.gd
GAP,https://raw.githubusercontent.com/gap-system/gap/master/lib/combinat.gi
GAP,https://raw.githubusercontent.com/gap-system/gap/master/lib/contfrac.gd
GAP,https://raw.githubusercontent.com/gap-system/gap/master/lib/contfrac.gi
GAP,https://raw.githubusercontent.com/gap-system/gap/master/lib/conwdat1.g
GAP,https://raw.githubusercontent.com/gap-system/gap/master/lib/conwdat2.g
GAP,https://raw.githubusercontent.com/gap-system/gap/master/lib/conwdat3.g
GAP,https://raw.githubusercontent.com/gap-system/gap/master/lib/csetgrp.gd
GAP,https://raw.githubusercontent.com/gap-system/gap/master/lib/csetgrp.gi
GAP,https://raw.githubusercontent.com/gap-system/gap/master/lib/csetpc.gi
GAP,https://raw.githubusercontent.com/gap-system/gap/master/lib/csetperm.gi
GAP,https://raw.githubusercontent.com/gap-system/gap/master/lib/ctbl.gd
GAP,https://raw.githubusercontent.com/gap-system/gap/master/lib/ctbl.gi
GAP,https://raw.githubusercontent.com/gap-system/gap/master/lib/ctblauto.gd
GAP,https://raw.githubusercontent.com/gap-system/gap/master/lib/ctblauto.gi
GAP,https://raw.githubusercontent.com/gap-system/gap/master/lib/ctblfuns.gd
GAP,https://raw.githubusercontent.com/gap-system/gap/master/lib/ctblfuns.gi
GAP,https://raw.githubusercontent.com/gap-system/gap/master/lib/ctblgrp.gd
GAP,https://raw.githubusercontent.com/gap-system/gap/master/lib/ctblgrp.gi
GAP,https://raw.githubusercontent.com/gap-system/gap/master/lib/ctbllatt.gd
GAP,https://raw.githubusercontent.com/gap-system/gap/master/lib/ctbllatt.gi
GAP,https://raw.githubusercontent.com/gap-system/gap/master/lib/ctblmaps.gd
GAP,https://raw.githubusercontent.com/gap-system/gap/master/lib/ctblmaps.gi
GAP,https://raw.githubusercontent.com/gap-system/gap/master/lib/ctblmoli.gd
GAP,https://raw.githubusercontent.com/gap-system/gap/master/lib/ctblmoli.gi
GAP,https://raw.githubusercontent.com/gap-system/gap/master/lib/ctblmono.gd
GAP,https://raw.githubusercontent.com/gap-system/gap/master/lib/ctblmono.gi
GAP,https://raw.githubusercontent.com/gap-system/gap/master/lib/ctblpc.gi
GAP,https://raw.githubusercontent.com/gap-system/gap/master/lib/ctblperm.gi
GAP,https://raw.githubusercontent.com/gap-system/gap/master/lib/ctblpope.gd
GAP,https://raw.githubusercontent.com/gap-system/gap/master/lib/ctblpope.gi
GAP,https://raw.githubusercontent.com/gap-system/gap/master/lib/ctblsolv.gd
GAP,https://raw.githubusercontent.com/gap-system/gap/master/lib/ctblsolv.gi
GAP,https://raw.githubusercontent.com/gap-system/gap/master/lib/ctblsymm.gd
GAP,https://raw.githubusercontent.com/gap-system/gap/master/lib/ctblsymm.gi
GAP,https://raw.githubusercontent.com/gap-system/gap/master/lib/custom_streams.gd
GAP,https://raw.githubusercontent.com/gap-system/gap/master/lib/custom_streams.gi
GAP,https://raw.githubusercontent.com/gap-system/gap/master/lib/cyclotom.g
GAP,https://raw.githubusercontent.com/gap-system/gap/master/lib/cyclotom.gd
GAP,https://raw.githubusercontent.com/gap-system/gap/master/lib/cyclotom.gi
GAP,https://raw.githubusercontent.com/gap-system/gap/master/lib/debug.g
GAP,https://raw.githubusercontent.com/gap-system/gap/master/lib/demo.g
GAP,https://raw.githubusercontent.com/gap-system/gap/master/lib/dict.gd
GAP,https://raw.githubusercontent.com/gap-system/gap/master/lib/dict.gi
GAP,https://raw.githubusercontent.com/gap-system/gap/master/lib/dicthf.gi
GAP,https://raw.githubusercontent.com/gap-system/gap/master/lib/domain.gd
GAP,https://raw.githubusercontent.com/gap-system/gap/master/lib/domain.gi
GAP,https://raw.githubusercontent.com/gap-system/gap/master/lib/dt.g
GAP,https://raw.githubusercontent.com/gap-system/gap/master/lib/error.g
GAP,https://raw.githubusercontent.com/gap-system/gap/master/lib/extaset.gd
GAP,https://raw.githubusercontent.com/gap-system/gap/master/lib/extlset.gd
GAP,https://raw.githubusercontent.com/gap-system/gap/master/lib/extrset.gd
GAP,https://raw.githubusercontent.com/gap-system/gap/master/lib/extuset.gd
GAP,https://raw.githubusercontent.com/gap-system/gap/master/lib/factgrp.gd
GAP,https://raw.githubusercontent.com/gap-system/gap/master/lib/factgrp.gi
GAP,https://raw.githubusercontent.com/gap-system/gap/master/lib/fampred.g
GAP,https://raw.githubusercontent.com/gap-system/gap/master/lib/fastendo.gd
GAP,https://raw.githubusercontent.com/gap-system/gap/master/lib/fastendo.gi
GAP,https://raw.githubusercontent.com/gap-system/gap/master/lib/ffe.g
GAP,https://raw.githubusercontent.com/gap-system/gap/master/lib/ffe.gd
GAP,https://raw.githubusercontent.com/gap-system/gap/master/lib/ffe.gi
GAP,https://raw.githubusercontent.com/gap-system/gap/master/lib/ffeconway.gi
GAP,https://raw.githubusercontent.com/gap-system/gap/master/lib/field.gd
GAP,https://raw.githubusercontent.com/gap-system/gap/master/lib/field.gi
GAP,https://raw.githubusercontent.com/gap-system/gap/master/lib/fieldfin.gi
GAP,https://raw.githubusercontent.com/gap-system/gap/master/lib/files.gd
GAP,https://raw.githubusercontent.com/gap-system/gap/master/lib/files.gi
GAP,https://raw.githubusercontent.com/gap-system/gap/master/lib/filter.g
GAP,https://raw.githubusercontent.com/gap-system/gap/master/lib/filter.gi
GAP,https://raw.githubusercontent.com/gap-system/gap/master/lib/fitfree.gd
GAP,https://raw.githubusercontent.com/gap-system/gap/master/lib/fitfree.gi
GAP,https://raw.githubusercontent.com/gap-system/gap/master/lib/flag.g
GAP,https://raw.githubusercontent.com/gap-system/gap/master/lib/fldabnum.gd
GAP,https://raw.githubusercontent.com/gap-system/gap/master/lib/fldabnum.gi
GAP,https://raw.githubusercontent.com/gap-system/gap/master/lib/float.gd
GAP,https://raw.githubusercontent.com/gap-system/gap/master/lib/float.gi
GAP,https://raw.githubusercontent.com/gap-system/gap/master/lib/fpmon.gd
GAP,https://raw.githubusercontent.com/gap-system/gap/master/lib/fpmon.gi
GAP,https://raw.githubusercontent.com/gap-system/gap/master/lib/fpsemi.gd
GAP,https://raw.githubusercontent.com/gap-system/gap/master/lib/fpsemi.gi
GAP,https://raw.githubusercontent.com/gap-system/gap/master/lib/function.g
GAP,https://raw.githubusercontent.com/gap-system/gap/master/lib/function.gi
GAP,https://raw.githubusercontent.com/gap-system/gap/master/lib/galois.gd
GAP,https://raw.githubusercontent.com/gap-system/gap/master/lib/galois.gi
GAP,https://raw.githubusercontent.com/gap-system/gap/master/lib/gasman.gd
GAP,https://raw.githubusercontent.com/gap-system/gap/master/lib/gasman.gi
GAP,https://raw.githubusercontent.com/gap-system/gap/master/lib/gaussian.gd
GAP,https://raw.githubusercontent.com/gap-system/gap/master/lib/gaussian.gi
GAP,https://raw.githubusercontent.com/gap-system/gap/master/lib/ghom.gd
GAP,https://raw.githubusercontent.com/gap-system/gap/master/lib/ghom.gi
GAP,https://raw.githubusercontent.com/gap-system/gap/master/lib/ghomfp.gd
GAP,https://raw.githubusercontent.com/gap-system/gap/master/lib/ghomfp.gi
GAP,https://raw.githubusercontent.com/gap-system/gap/master/lib/ghompcgs.gd
GAP,https://raw.githubusercontent.com/gap-system/gap/master/lib/ghompcgs.gi
GAP,https://raw.githubusercontent.com/gap-system/gap/master/lib/ghomperm.gd
GAP,https://raw.githubusercontent.com/gap-system/gap/master/lib/ghomperm.gi
GAP,https://raw.githubusercontent.com/gap-system/gap/master/lib/global.g
GAP,https://raw.githubusercontent.com/gap-system/gap/master/lib/global.gd
GAP,https://raw.githubusercontent.com/gap-system/gap/master/lib/global.gi
GAP,https://raw.githubusercontent.com/gap-system/gap/master/lib/gpfpiso.gi
GAP,https://raw.githubusercontent.com/gap-system/gap/master/lib/gpprmsya.gd
GAP,https://raw.githubusercontent.com/gap-system/gap/master/lib/gpprmsya.gi
GAP,https://raw.githubusercontent.com/gap-system/gap/master/lib/gprd.gd
GAP,https://raw.githubusercontent.com/gap-system/gap/master/lib/gprd.gi
GAP,https://raw.githubusercontent.com/gap-system/gap/master/lib/gprdmat.gi
GAP,https://raw.githubusercontent.com/gap-system/gap/master/lib/gprdpc.gi
GAP,https://raw.githubusercontent.com/gap-system/gap/master/lib/gprdperm.gi
GAP,https://raw.githubusercontent.com/gap-system/gap/master/lib/groebner.gd
GAP,https://raw.githubusercontent.com/gap-system/gap/master/lib/groebner.gi
GAP,https://raw.githubusercontent.com/gap-system/gap/master/lib/grp.gd
GAP,https://raw.githubusercontent.com/gap-system/gap/master/lib/grp.gi
GAP,https://raw.githubusercontent.com/gap-system/gap/master/lib/grpcompl.gi
GAP,https://raw.githubusercontent.com/gap-system/gap/master/lib/grpffmat.gd
GAP,https://raw.githubusercontent.com/gap-system/gap/master/lib/grpffmat.gi
GAP,https://raw.githubusercontent.com/gap-system/gap/master/lib/grpfp.gd
GAP,https://raw.githubusercontent.com/gap-system/gap/master/lib/grpfp.gi
GAP,https://raw.githubusercontent.com/gap-system/gap/master/lib/grpfree.gd
GAP,https://raw.githubusercontent.com/gap-system/gap/master/lib/grpfree.gi
GAP,https://raw.githubusercontent.com/gap-system/gap/master/lib/grplatt.gd
GAP,https://raw.githubusercontent.com/gap-system/gap/master/lib/grplatt.gi
GAP,https://raw.githubusercontent.com/gap-system/gap/master/lib/grpmat.gd
GAP,https://raw.githubusercontent.com/gap-system/gap/master/lib/grpmat.gi
GAP,https://raw.githubusercontent.com/gap-system/gap/master/lib/grpnames.g
GAP,https://raw.githubusercontent.com/gap-system/gap/master/lib/grpnames.gd
GAP,https://raw.githubusercontent.com/gap-system/gap/master/lib/grpnames.gi
GAP,https://raw.githubusercontent.com/gap-system/gap/master/lib/grpnice.gd
GAP,https://raw.githubusercontent.com/gap-system/gap/master/lib/grpnice.gi
GAP,https://raw.githubusercontent.com/gap-system/gap/master/lib/grppc.gd
GAP,https://raw.githubusercontent.com/gap-system/gap/master/lib/grppc.gi
GAP,https://raw.githubusercontent.com/gap-system/gap/master/lib/grppcatr.gi
GAP,https://raw.githubusercontent.com/gap-system/gap/master/lib/grppcaut.gd
GAP,https://raw.githubusercontent.com/gap-system/gap/master/lib/grppcaut.gi
GAP,https://raw.githubusercontent.com/gap-system/gap/master/lib/grppccom.gd
GAP,https://raw.githubusercontent.com/gap-system/gap/master/lib/grppccom.gi
GAP,https://raw.githubusercontent.com/gap-system/gap/master/lib/grppcext.gd
GAP,https://raw.githubusercontent.com/gap-system/gap/master/lib/grppcext.gi
GAP,https://raw.githubusercontent.com/gap-system/gap/master/lib/grppcfp.gd
GAP,https://raw.githubusercontent.com/gap-system/gap/master/lib/grppcfp.gi
GAP,https://raw.githubusercontent.com/gap-system/gap/master/lib/grppcint.gi
GAP,https://raw.githubusercontent.com/gap-system/gap/master/lib/grppclat.gd
GAP,https://raw.githubusercontent.com/gap-system/gap/master/lib/grppclat.gi
GAP,https://raw.githubusercontent.com/gap-system/gap/master/lib/grppcnrm.gd
GAP,https://raw.githubusercontent.com/gap-system/gap/master/lib/grppcnrm.gi
GAP,https://raw.githubusercontent.com/gap-system/gap/master/lib/grppcprp.gi
GAP,https://raw.githubusercontent.com/gap-system/gap/master/lib/grppcrep.gd
GAP,https://raw.githubusercontent.com/gap-system/gap/master/lib/grppcrep.gi
GAP,https://raw.githubusercontent.com/gap-system/gap/master/lib/grpperm.gd
GAP,https://raw.githubusercontent.com/gap-system/gap/master/lib/grpperm.gi
GAP,https://raw.githubusercontent.com/gap-system/gap/master/lib/grpprmcs.gd
GAP,https://raw.githubusercontent.com/gap-system/gap/master/lib/grpprmcs.gi
GAP,https://raw.githubusercontent.com/gap-system/gap/master/lib/grpramat.gd
GAP,https://raw.githubusercontent.com/gap-system/gap/master/lib/grpramat.gi
GAP,https://raw.githubusercontent.com/gap-system/gap/master/lib/grpreps.gd
GAP,https://raw.githubusercontent.com/gap-system/gap/master/lib/grpreps.gi
GAP,https://raw.githubusercontent.com/gap-system/gap/master/lib/grptbl.gd
GAP,https://raw.githubusercontent.com/gap-system/gap/master/lib/grptbl.gi
GAP,https://raw.githubusercontent.com/gap-system/gap/master/lib/helpbase.gd
GAP,https://raw.githubusercontent.com/gap-system/gap/master/lib/helpbase.gi
GAP,https://raw.githubusercontent.com/gap-system/gap/master/lib/helpdef.gd
GAP,https://raw.githubusercontent.com/gap-system/gap/master/lib/helpdef.gi
GAP,https://raw.githubusercontent.com/gap-system/gap/master/lib/helpt2t.gd
GAP,https://raw.githubusercontent.com/gap-system/gap/master/lib/helpt2t.gi
GAP,https://raw.githubusercontent.com/gap-system/gap/master/lib/helpview.gd
GAP,https://raw.githubusercontent.com/gap-system/gap/master/lib/helpview.gi
GAP,https://raw.githubusercontent.com/gap-system/gap/master/lib/hpc/tasks.g
GAP,https://raw.githubusercontent.com/gap-system/gap/master/lib/hpc/thread1.g
GAP,https://raw.githubusercontent.com/gap-system/gap/master/lib/ideal.gd
GAP,https://raw.githubusercontent.com/gap-system/gap/master/lib/ideal.gi
GAP,https://raw.githubusercontent.com/gap-system/gap/master/lib/idealalg.gi
GAP,https://raw.githubusercontent.com/gap-system/gap/master/lib/ieee754.g
GAP,https://raw.githubusercontent.com/gap-system/gap/master/lib/info.gd
GAP,https://raw.githubusercontent.com/gap-system/gap/master/lib/info.gi
GAP,https://raw.githubusercontent.com/gap-system/gap/master/lib/init.g
GAP,https://raw.githubusercontent.com/gap-system/gap/master/lib/integer.gd
GAP,https://raw.githubusercontent.com/gap-system/gap/master/lib/integer.gi
GAP,https://raw.githubusercontent.com/gap-system/gap/master/lib/invsgp.gd
GAP,https://raw.githubusercontent.com/gap-system/gap/master/lib/invsgp.gi
GAP,https://raw.githubusercontent.com/gap-system/gap/master/lib/kbsemi.gd
GAP,https://raw.githubusercontent.com/gap-system/gap/master/lib/kbsemi.gi
GAP,https://raw.githubusercontent.com/gap-system/gap/master/lib/kernel.g
GAP,https://raw.githubusercontent.com/gap-system/gap/master/lib/liefam.gd
GAP,https://raw.githubusercontent.com/gap-system/gap/master/lib/liefam.gi
GAP,https://raw.githubusercontent.com/gap-system/gap/master/lib/lierep.gd
GAP,https://raw.githubusercontent.com/gap-system/gap/master/lib/lierep.gi
GAP,https://raw.githubusercontent.com/gap-system/gap/master/lib/list.g
GAP,https://raw.githubusercontent.com/gap-system/gap/master/lib/list.gd
GAP,https://raw.githubusercontent.com/gap-system/gap/master/lib/list.gi
GAP,https://raw.githubusercontent.com/gap-system/gap/master/lib/listcoef.gd
GAP,https://raw.githubusercontent.com/gap-system/gap/master/lib/listcoef.gi
GAP,https://raw.githubusercontent.com/gap-system/gap/master/lib/macfloat.g
GAP,https://raw.githubusercontent.com/gap-system/gap/master/lib/magma.gd
GAP,https://raw.githubusercontent.com/gap-system/gap/master/lib/magma.gi
GAP,https://raw.githubusercontent.com/gap-system/gap/master/lib/mapphomo.gd
GAP,https://raw.githubusercontent.com/gap-system/gap/master/lib/mapphomo.gi
GAP,https://raw.githubusercontent.com/gap-system/gap/master/lib/mapping.gd
GAP,https://raw.githubusercontent.com/gap-system/gap/master/lib/mapping.gi
GAP,https://raw.githubusercontent.com/gap-system/gap/master/lib/mapping1.gi
GAP,https://raw.githubusercontent.com/gap-system/gap/master/lib/mapprep.gi
GAP,https://raw.githubusercontent.com/gap-system/gap/master/lib/mat8bit.gd
GAP,https://raw.githubusercontent.com/gap-system/gap/master/lib/mat8bit.gi
GAP,https://raw.githubusercontent.com/gap-system/gap/master/lib/matblock.gd
GAP,https://raw.githubusercontent.com/gap-system/gap/master/lib/matblock.gi
GAP,https://raw.githubusercontent.com/gap-system/gap/master/lib/matint.gd
GAP,https://raw.githubusercontent.com/gap-system/gap/master/lib/matint.gi
GAP,https://raw.githubusercontent.com/gap-system/gap/master/lib/matobj.gi
GAP,https://raw.githubusercontent.com/gap-system/gap/master/lib/matobj1.gd
GAP,https://raw.githubusercontent.com/gap-system/gap/master/lib/matobj2.gd
GAP,https://raw.githubusercontent.com/gap-system/gap/master/lib/matobjnz.gd
GAP,https://raw.githubusercontent.com/gap-system/gap/master/lib/matobjnz.gi
GAP,https://raw.githubusercontent.com/gap-system/gap/master/lib/matobjplist.gd
GAP,https://raw.githubusercontent.com/gap-system/gap/master/lib/matobjplist.gi
GAP,https://raw.githubusercontent.com/gap-system/gap/master/lib/matrix.gd
GAP,https://raw.githubusercontent.com/gap-system/gap/master/lib/matrix.gi
GAP,https://raw.githubusercontent.com/gap-system/gap/master/lib/matrobjrowlist.gi
GAP,https://raw.githubusercontent.com/gap-system/gap/master/lib/maxsub.gi
GAP,https://raw.githubusercontent.com/gap-system/gap/master/lib/meatauto.gi
GAP,https://raw.githubusercontent.com/gap-system/gap/master/lib/meataxe.gd
GAP,https://raw.githubusercontent.com/gap-system/gap/master/lib/meataxe.gi
GAP,https://raw.githubusercontent.com/gap-system/gap/master/lib/memory.gd
GAP,https://raw.githubusercontent.com/gap-system/gap/master/lib/memory.gi
GAP,https://raw.githubusercontent.com/gap-system/gap/master/lib/memusage.gd
GAP,https://raw.githubusercontent.com/gap-system/gap/master/lib/memusage.gi
GAP,https://raw.githubusercontent.com/gap-system/gap/master/lib/methsel.g
GAP,https://raw.githubusercontent.com/gap-system/gap/master/lib/methsel2.g
GAP,https://raw.githubusercontent.com/gap-system/gap/master/lib/methwhy.g
GAP,https://raw.githubusercontent.com/gap-system/gap/master/lib/mgmadj.gd
GAP,https://raw.githubusercontent.com/gap-system/gap/master/lib/mgmadj.gi
GAP,https://raw.githubusercontent.com/gap-system/gap/master/lib/mgmcong.gd
GAP,https://raw.githubusercontent.com/gap-system/gap/master/lib/mgmcong.gi
GAP,https://raw.githubusercontent.com/gap-system/gap/master/lib/mgmfree.gi
GAP,https://raw.githubusercontent.com/gap-system/gap/master/lib/mgmhom.gd
GAP,https://raw.githubusercontent.com/gap-system/gap/master/lib/mgmhom.gi
GAP,https://raw.githubusercontent.com/gap-system/gap/master/lib/mgmideal.gd
GAP,https://raw.githubusercontent.com/gap-system/gap/master/lib/mgmideal.gi
GAP,https://raw.githubusercontent.com/gap-system/gap/master/lib/mgmring.gd
GAP,https://raw.githubusercontent.com/gap-system/gap/master/lib/mgmring.gi
GAP,https://raw.githubusercontent.com/gap-system/gap/master/lib/modfree.gi
GAP,https://raw.githubusercontent.com/gap-system/gap/master/lib/module.gd
GAP,https://raw.githubusercontent.com/gap-system/gap/master/lib/module.gi
GAP,https://raw.githubusercontent.com/gap-system/gap/master/lib/modulmat.gi
GAP,https://raw.githubusercontent.com/gap-system/gap/master/lib/modulrow.gi
GAP,https://raw.githubusercontent.com/gap-system/gap/master/lib/monofree.gi
GAP,https://raw.githubusercontent.com/gap-system/gap/master/lib/monoid.gd
GAP,https://raw.githubusercontent.com/gap-system/gap/master/lib/monoid.gi
GAP,https://raw.githubusercontent.com/gap-system/gap/master/lib/morpheus.gd
GAP,https://raw.githubusercontent.com/gap-system/gap/master/lib/morpheus.gi
GAP,https://raw.githubusercontent.com/gap-system/gap/master/lib/newprofile.g
GAP,https://raw.githubusercontent.com/gap-system/gap/master/lib/nilpquot.gi
GAP,https://raw.githubusercontent.com/gap-system/gap/master/lib/norad.gi
GAP,https://raw.githubusercontent.com/gap-system/gap/master/lib/numtheor.gd
GAP,https://raw.githubusercontent.com/gap-system/gap/master/lib/numtheor.gi
GAP,https://raw.githubusercontent.com/gap-system/gap/master/lib/object.gd
GAP,https://raw.githubusercontent.com/gap-system/gap/master/lib/object.gi
GAP,https://raw.githubusercontent.com/gap-system/gap/master/lib/objset.g
GAP,https://raw.githubusercontent.com/gap-system/gap/master/lib/obsolete.g
GAP,https://raw.githubusercontent.com/gap-system/gap/master/lib/obsolete.gd
GAP,https://raw.githubusercontent.com/gap-system/gap/master/lib/obsolete.gi
GAP,https://raw.githubusercontent.com/gap-system/gap/master/lib/onecohom.gd
GAP,https://raw.githubusercontent.com/gap-system/gap/master/lib/onecohom.gi
GAP,https://raw.githubusercontent.com/gap-system/gap/master/lib/oper.g
GAP,https://raw.githubusercontent.com/gap-system/gap/master/lib/oper1.g
GAP,https://raw.githubusercontent.com/gap-system/gap/master/lib/operdebug.g
GAP,https://raw.githubusercontent.com/gap-system/gap/master/lib/oprt.gd
GAP,https://raw.githubusercontent.com/gap-system/gap/master/lib/oprt.gi
GAP,https://raw.githubusercontent.com/gap-system/gap/master/lib/oprtglat.gd
GAP,https://raw.githubusercontent.com/gap-system/gap/master/lib/oprtglat.gi
GAP,https://raw.githubusercontent.com/gap-system/gap/master/lib/oprtpcgs.gi
GAP,https://raw.githubusercontent.com/gap-system/gap/master/lib/oprtperm.gi
GAP,https://raw.githubusercontent.com/gap-system/gap/master/lib/options.gd
GAP,https://raw.githubusercontent.com/gap-system/gap/master/lib/options.gi
GAP,https://raw.githubusercontent.com/gap-system/gap/master/lib/orders.gd
GAP,https://raw.githubusercontent.com/gap-system/gap/master/lib/orders.gi
GAP,https://raw.githubusercontent.com/gap-system/gap/master/lib/overload.g
GAP,https://raw.githubusercontent.com/gap-system/gap/master/lib/package.gd
GAP,https://raw.githubusercontent.com/gap-system/gap/master/lib/package.gi
GAP,https://raw.githubusercontent.com/gap-system/gap/master/lib/padics.gd
GAP,https://raw.githubusercontent.com/gap-system/gap/master/lib/padics.gi
GAP,https://raw.githubusercontent.com/gap-system/gap/master/lib/pager.gd
GAP,https://raw.githubusercontent.com/gap-system/gap/master/lib/pager.gi
GAP,https://raw.githubusercontent.com/gap-system/gap/master/lib/partitio.gd
GAP,https://raw.githubusercontent.com/gap-system/gap/master/lib/partitio.gi
GAP,https://raw.githubusercontent.com/gap-system/gap/master/lib/pcgs.gd
GAP,https://raw.githubusercontent.com/gap-system/gap/master/lib/pcgs.gi
GAP,https://raw.githubusercontent.com/gap-system/gap/master/lib/pcgscomp.gi
GAP,https://raw.githubusercontent.com/gap-system/gap/master/lib/pcgsind.gd
GAP,https://raw.githubusercontent.com/gap-system/gap/master/lib/pcgsind.gi
GAP,https://raw.githubusercontent.com/gap-system/gap/master/lib/pcgsmodu.gd
GAP,https://raw.githubusercontent.com/gap-system/gap/master/lib/pcgsmodu.gi
GAP,https://raw.githubusercontent.com/gap-system/gap/master/lib/pcgsnice.gi
GAP,https://raw.githubusercontent.com/gap-system/gap/master/lib/pcgspcg.gd
GAP,https://raw.githubusercontent.com/gap-system/gap/master/lib/pcgspcg.gi
GAP,https://raw.githubusercontent.com/gap-system/gap/master/lib/pcgsperm.gd
GAP,https://raw.githubusercontent.com/gap-system/gap/master/lib/pcgsperm.gi
GAP,https://raw.githubusercontent.com/gap-system/gap/master/lib/pcgsspec.gd
GAP,https://raw.githubusercontent.com/gap-system/gap/master/lib/pcgsspec.gi
GAP,https://raw.githubusercontent.com/gap-system/gap/master/lib/permdeco.gd
GAP,https://raw.githubusercontent.com/gap-system/gap/master/lib/permdeco.gi
GAP,https://raw.githubusercontent.com/gap-system/gap/master/lib/permutat.g
GAP,https://raw.githubusercontent.com/gap-system/gap/master/lib/polyconw.gd
GAP,https://raw.githubusercontent.com/gap-system/gap/master/lib/polyconw.gi
GAP,https://raw.githubusercontent.com/gap-system/gap/master/lib/polyfinf.gd
GAP,https://raw.githubusercontent.com/gap-system/gap/master/lib/polyfinf.gi
GAP,https://raw.githubusercontent.com/gap-system/gap/master/lib/polyrat.gd
GAP,https://raw.githubusercontent.com/gap-system/gap/master/lib/polyrat.gi
GAP,https://raw.githubusercontent.com/gap-system/gap/master/lib/pperm.g
GAP,https://raw.githubusercontent.com/gap-system/gap/master/lib/pperm.gd
GAP,https://raw.githubusercontent.com/gap-system/gap/master/lib/pperm.gi
GAP,https://raw.githubusercontent.com/gap-system/gap/master/lib/pquot.gd
GAP,https://raw.githubusercontent.com/gap-system/gap/master/lib/pquot.gi
GAP,https://raw.githubusercontent.com/gap-system/gap/master/lib/primality.gd
GAP,https://raw.githubusercontent.com/gap-system/gap/master/lib/primality.gi
GAP,https://raw.githubusercontent.com/gap-system/gap/master/lib/process.gd
GAP,https://raw.githubusercontent.com/gap-system/gap/master/lib/process.gi
GAP,https://raw.githubusercontent.com/gap-system/gap/master/lib/profile.g
GAP,https://raw.githubusercontent.com/gap-system/gap/master/lib/proto.gd
GAP,https://raw.githubusercontent.com/gap-system/gap/master/lib/proto.gi
GAP,https://raw.githubusercontent.com/gap-system/gap/master/lib/quotsys.gd
GAP,https://raw.githubusercontent.com/gap-system/gap/master/lib/randiso.gd
GAP,https://raw.githubusercontent.com/gap-system/gap/master/lib/randiso.gi
GAP,https://raw.githubusercontent.com/gap-system/gap/master/lib/randiso2.gi
GAP,https://raw.githubusercontent.com/gap-system/gap/master/lib/random.gd
GAP,https://raw.githubusercontent.com/gap-system/gap/master/lib/random.gi
GAP,https://raw.githubusercontent.com/gap-system/gap/master/lib/ratfun.gd
GAP,https://raw.githubusercontent.com/gap-system/gap/master/lib/ratfun.gi
GAP,https://raw.githubusercontent.com/gap-system/gap/master/lib/ratfun1.gi
GAP,https://raw.githubusercontent.com/gap-system/gap/master/lib/ratfunul.gi
GAP,https://raw.githubusercontent.com/gap-system/gap/master/lib/rational.gi
GAP,https://raw.githubusercontent.com/gap-system/gap/master/lib/read.g
GAP,https://raw.githubusercontent.com/gap-system/gap/master/lib/read1.g
GAP,https://raw.githubusercontent.com/gap-system/gap/master/lib/read2.g
GAP,https://raw.githubusercontent.com/gap-system/gap/master/lib/read3.g
GAP,https://raw.githubusercontent.com/gap-system/gap/master/lib/read4.g
GAP,https://raw.githubusercontent.com/gap-system/gap/master/lib/read5.g
GAP,https://raw.githubusercontent.com/gap-system/gap/master/lib/read6.g
GAP,https://raw.githubusercontent.com/gap-system/gap/master/lib/read7.g
GAP,https://raw.githubusercontent.com/gap-system/gap/master/lib/read8.g
GAP,https://raw.githubusercontent.com/gap-system/gap/master/lib/readsl.g
GAP,https://raw.githubusercontent.com/gap-system/gap/master/lib/record.gd
GAP,https://raw.githubusercontent.com/gap-system/gap/master/lib/record.gi
GAP,https://raw.githubusercontent.com/gap-system/gap/master/lib/reesmat.gd
GAP,https://raw.githubusercontent.com/gap-system/gap/master/lib/reesmat.gi
GAP,https://raw.githubusercontent.com/gap-system/gap/master/lib/relation.gd
GAP,https://raw.githubusercontent.com/gap-system/gap/master/lib/relation.gi
GAP,https://raw.githubusercontent.com/gap-system/gap/master/lib/reread.g
GAP,https://raw.githubusercontent.com/gap-system/gap/master/lib/ring.gd
GAP,https://raw.githubusercontent.com/gap-system/gap/master/lib/ring.gi
GAP,https://raw.githubusercontent.com/gap-system/gap/master/lib/ringhom.gd
GAP,https://raw.githubusercontent.com/gap-system/gap/master/lib/ringhom.gi
GAP,https://raw.githubusercontent.com/gap-system/gap/master/lib/ringpoly.gd
GAP,https://raw.githubusercontent.com/gap-system/gap/master/lib/ringpoly.gi
GAP,https://raw.githubusercontent.com/gap-system/gap/master/lib/ringsc.gd
GAP,https://raw.githubusercontent.com/gap-system/gap/master/lib/ringsc.gi
GAP,https://raw.githubusercontent.com/gap-system/gap/master/lib/rvecempt.gd
GAP,https://raw.githubusercontent.com/gap-system/gap/master/lib/rvecempt.gi
GAP,https://raw.githubusercontent.com/gap-system/gap/master/lib/rws.gd
GAP,https://raw.githubusercontent.com/gap-system/gap/master/lib/rws.gi
GAP,https://raw.githubusercontent.com/gap-system/gap/master/lib/rwsdt.gi
GAP,https://raw.githubusercontent.com/gap-system/gap/master/lib/rwsgrp.gd
GAP,https://raw.githubusercontent.com/gap-system/gap/master/lib/rwsgrp.gi
GAP,https://raw.githubusercontent.com/gap-system/gap/master/lib/rwspcclt.gd
GAP,https://raw.githubusercontent.com/gap-system/gap/master/lib/rwspcclt.gi
GAP,https://raw.githubusercontent.com/gap-system/gap/master/lib/rwspccoc.gi
GAP,https://raw.githubusercontent.com/gap-system/gap/master/lib/rwspcgrp.gd
GAP,https://raw.githubusercontent.com/gap-system/gap/master/lib/rwspcgrp.gi
GAP,https://raw.githubusercontent.com/gap-system/gap/master/lib/rwspcsng.gi
GAP,https://raw.githubusercontent.com/gap-system/gap/master/lib/rwssmg.gd
GAP,https://raw.githubusercontent.com/gap-system/gap/master/lib/rwssmg.gi
GAP,https://raw.githubusercontent.com/gap-system/gap/master/lib/schur.gd
GAP,https://raw.githubusercontent.com/gap-system/gap/master/lib/schur.gi
GAP,https://raw.githubusercontent.com/gap-system/gap/master/lib/schursym.gd
GAP,https://raw.githubusercontent.com/gap-system/gap/master/lib/schursym.gi
GAP,https://raw.githubusercontent.com/gap-system/gap/master/lib/semicong.gd
GAP,https://raw.githubusercontent.com/gap-system/gap/master/lib/semicong.gi
GAP,https://raw.githubusercontent.com/gap-system/gap/master/lib/semigrp.gd
GAP,https://raw.githubusercontent.com/gap-system/gap/master/lib/semigrp.gi
GAP,https://raw.githubusercontent.com/gap-system/gap/master/lib/semipperm.gd
GAP,https://raw.githubusercontent.com/gap-system/gap/master/lib/semipperm.gi
GAP,https://raw.githubusercontent.com/gap-system/gap/master/lib/semiquo.gd
GAP,https://raw.githubusercontent.com/gap-system/gap/master/lib/semiquo.gi
GAP,https://raw.githubusercontent.com/gap-system/gap/master/lib/semirel.gd
GAP,https://raw.githubusercontent.com/gap-system/gap/master/lib/semirel.gi
GAP,https://raw.githubusercontent.com/gap-system/gap/master/lib/semiring.gd
GAP,https://raw.githubusercontent.com/gap-system/gap/master/lib/semitran.gd
GAP,https://raw.githubusercontent.com/gap-system/gap/master/lib/semitran.gi
GAP,https://raw.githubusercontent.com/gap-system/gap/master/lib/session.g
GAP,https://raw.githubusercontent.com/gap-system/gap/master/lib/set.gd
GAP,https://raw.githubusercontent.com/gap-system/gap/master/lib/set.gi
GAP,https://raw.githubusercontent.com/gap-system/gap/master/lib/sgpres.gd
GAP,https://raw.githubusercontent.com/gap-system/gap/master/lib/sgpres.gi
GAP,https://raw.githubusercontent.com/gap-system/gap/master/lib/smgideal.gd
GAP,https://raw.githubusercontent.com/gap-system/gap/master/lib/smgideal.gi
GAP,https://raw.githubusercontent.com/gap-system/gap/master/lib/smgrpfre.gi
GAP,https://raw.githubusercontent.com/gap-system/gap/master/lib/sparselist.gd
GAP,https://raw.githubusercontent.com/gap-system/gap/master/lib/sparselistgen.gi
GAP,https://raw.githubusercontent.com/gap-system/gap/master/lib/sparselistsorted.gi
GAP,https://raw.githubusercontent.com/gap-system/gap/master/lib/sparsevectorsorted.gi
GAP,https://raw.githubusercontent.com/gap-system/gap/master/lib/stbc.gd
GAP,https://raw.githubusercontent.com/gap-system/gap/master/lib/stbc.gi
GAP,https://raw.githubusercontent.com/gap-system/gap/master/lib/stbcbckt.gd
GAP,https://raw.githubusercontent.com/gap-system/gap/master/lib/stbcbckt.gi
GAP,https://raw.githubusercontent.com/gap-system/gap/master/lib/stbcrand.gi
GAP,https://raw.githubusercontent.com/gap-system/gap/master/lib/straight.gd
GAP,https://raw.githubusercontent.com/gap-system/gap/master/lib/straight.gi
GAP,https://raw.githubusercontent.com/gap-system/gap/master/lib/streams.gd
GAP,https://raw.githubusercontent.com/gap-system/gap/master/lib/streams.gi
GAP,https://raw.githubusercontent.com/gap-system/gap/master/lib/string.g
GAP,https://raw.githubusercontent.com/gap-system/gap/master/lib/string.gd
GAP,https://raw.githubusercontent.com/gap-system/gap/master/lib/string.gi
GAP,https://raw.githubusercontent.com/gap-system/gap/master/lib/syntaxtree.gd
GAP,https://raw.githubusercontent.com/gap-system/gap/master/lib/syntaxtree.gi
GAP,https://raw.githubusercontent.com/gap-system/gap/master/lib/system.g
GAP,https://raw.githubusercontent.com/gap-system/gap/master/lib/tcsemi.gd
GAP,https://raw.githubusercontent.com/gap-system/gap/master/lib/tcsemi.gi
GAP,https://raw.githubusercontent.com/gap-system/gap/master/lib/teaching.g
GAP,https://raw.githubusercontent.com/gap-system/gap/master/lib/teachm2.g
GAP,https://raw.githubusercontent.com/gap-system/gap/master/lib/teachmod.g
GAP,https://raw.githubusercontent.com/gap-system/gap/master/lib/test.gd
GAP,https://raw.githubusercontent.com/gap-system/gap/master/lib/test.gi
GAP,https://raw.githubusercontent.com/gap-system/gap/master/lib/tietze.gd
GAP,https://raw.githubusercontent.com/gap-system/gap/master/lib/tietze.gi
GAP,https://raw.githubusercontent.com/gap-system/gap/master/lib/tom.gd
GAP,https://raw.githubusercontent.com/gap-system/gap/master/lib/tom.gi
GAP,https://raw.githubusercontent.com/gap-system/gap/master/lib/trans.g
GAP,https://raw.githubusercontent.com/gap-system/gap/master/lib/trans.gd
GAP,https://raw.githubusercontent.com/gap-system/gap/master/lib/trans.gi
GAP,https://raw.githubusercontent.com/gap-system/gap/master/lib/transatl.g
GAP,https://raw.githubusercontent.com/gap-system/gap/master/lib/tuples.gd
GAP,https://raw.githubusercontent.com/gap-system/gap/master/lib/tuples.gi
GAP,https://raw.githubusercontent.com/gap-system/gap/master/lib/twocohom.gd
GAP,https://raw.githubusercontent.com/gap-system/gap/master/lib/twocohom.gi
GAP,https://raw.githubusercontent.com/gap-system/gap/master/lib/type.g
GAP,https://raw.githubusercontent.com/gap-system/gap/master/lib/type.gd
GAP,https://raw.githubusercontent.com/gap-system/gap/master/lib/type.gi
GAP,https://raw.githubusercontent.com/gap-system/gap/master/lib/type1.g
GAP,https://raw.githubusercontent.com/gap-system/gap/master/lib/unknown.gd
GAP,https://raw.githubusercontent.com/gap-system/gap/master/lib/unknown.gi
GAP,https://raw.githubusercontent.com/gap-system/gap/master/lib/upoly.gd
GAP,https://raw.githubusercontent.com/gap-system/gap/master/lib/upoly.gi
GAP,https://raw.githubusercontent.com/gap-system/gap/master/lib/upolyirr.gi
GAP,https://raw.githubusercontent.com/gap-system/gap/master/lib/userpref.g
GAP,https://raw.githubusercontent.com/gap-system/gap/master/lib/variable.g
GAP,https://raw.githubusercontent.com/gap-system/gap/master/lib/vec8bit.gd
GAP,https://raw.githubusercontent.com/gap-system/gap/master/lib/vec8bit.gi
GAP,https://raw.githubusercontent.com/gap-system/gap/master/lib/vecmat.gd
GAP,https://raw.githubusercontent.com/gap-system/gap/master/lib/vecmat.gi
GAP,https://raw.githubusercontent.com/gap-system/gap/master/lib/vspc.gd
GAP,https://raw.githubusercontent.com/gap-system/gap/master/lib/vspc.gi
GAP,https://raw.githubusercontent.com/gap-system/gap/master/lib/vspchom.gd
GAP,https://raw.githubusercontent.com/gap-system/gap/master/lib/vspchom.gi
GAP,https://raw.githubusercontent.com/gap-system/gap/master/lib/vspcmat.gi
GAP,https://raw.githubusercontent.com/gap-system/gap/master/lib/vspcrow.gi
GAP,https://raw.githubusercontent.com/gap-system/gap/master/lib/word.gd
GAP,https://raw.githubusercontent.com/gap-system/gap/master/lib/word.gi
GAP,https://raw.githubusercontent.com/gap-system/gap/master/lib/wordass.gd
GAP,https://raw.githubusercontent.com/gap-system/gap/master/lib/wordass.gi
GAP,https://raw.githubusercontent.com/gap-system/gap/master/lib/wordlett.gi
GAP,https://raw.githubusercontent.com/gap-system/gap/master/lib/wordrep.gi
GAP,https://raw.githubusercontent.com/gap-system/gap/master/lib/wpobj.g
GAP,https://raw.githubusercontent.com/gap-system/gap/master/lib/wpobj.gd
GAP,https://raw.githubusercontent.com/gap-system/gap/master/lib/wpobj.gi
GAP,https://raw.githubusercontent.com/gap-system/gap/master/lib/zlattice.gd
GAP,https://raw.githubusercontent.com/gap-system/gap/master/lib/zlattice.gi
GAP,https://raw.githubusercontent.com/gap-system/gap/master/lib/zmodnz.gd
GAP,https://raw.githubusercontent.com/gap-system/gap/master/lib/zmodnz.gi
GAP,https://raw.githubusercontent.com/gap-system/gap/master/lib/zmodnze.gd
GAP,https://raw.githubusercontent.com/gap-system/gap/master/lib/zmodnze.gi
GAP,https://raw.githubusercontent.com/gap-system/gap/master/tst/consistency.g
GAP,https://raw.githubusercontent.com/gap-system/gap/master/tst/extractmanuals.g
GAP,https://raw.githubusercontent.com/gap-system/gap/master/tst/mockpkg/PackageInfo.g
GAP,https://raw.githubusercontent.com/gap-system/gap/master/tst/mockpkg/gap/extension1.g
GAP,https://raw.githubusercontent.com/gap-system/gap/master/tst/mockpkg/gap/extension2.g
GAP,https://raw.githubusercontent.com/gap-system/gap/master/tst/mockpkg/gap/mockpkg.gd
GAP,https://raw.githubusercontent.com/gap-system/gap/master/tst/mockpkg/gap/mockpkg.gi
GAP,https://raw.githubusercontent.com/gap-system/gap/master/tst/mockpkg/init.g
GAP,https://raw.githubusercontent.com/gap-system/gap/master/tst/mockpkg/read.g
GAP,https://raw.githubusercontent.com/gap-system/gap/master/tst/mockpkg/tst/testall.g
GAP,https://raw.githubusercontent.com/gap-system/gap/master/tst/test-compile/and_filter.g
GAP,https://raw.githubusercontent.com/gap-system/gap/master/tst/test-compile/assert.g
GAP,https://raw.githubusercontent.com/gap-system/gap/master/tst/test-compile/basics.g
GAP,https://raw.githubusercontent.com/gap-system/gap/master/tst/test-compile/callfunc.g
GAP,https://raw.githubusercontent.com/gap-system/gap/master/tst/test-compile/function_types.g
GAP,https://raw.githubusercontent.com/gap-system/gap/master/tst/test-compile/info.g
GAP,https://raw.githubusercontent.com/gap-system/gap/master/tst/test-compile/plus.g
GAP,https://raw.githubusercontent.com/gap-system/gap/master/tst/test-compile/print_various.g
GAP,https://raw.githubusercontent.com/gap-system/gap/master/tst/test-compile/ranges.g
GAP,https://raw.githubusercontent.com/gap-system/gap/master/tst/testbugfix.g
GAP,https://raw.githubusercontent.com/gap-system/gap/master/tst/testenumerator.g
GAP,https://raw.githubusercontent.com/gap-system/gap/master/tst/testextra.g
GAP,https://raw.githubusercontent.com/gap-system/gap/master/tst/testextra/makeperfect.g
GAP,https://raw.githubusercontent.com/gap-system/gap/master/tst/testinstall-loadall.g
GAP,https://raw.githubusercontent.com/gap-system/gap/master/tst/testinstall.g
GAP,https://raw.githubusercontent.com/gap-system/gap/master/tst/testinstall/MatrixObj/testmatobj.g
GAP,https://raw.githubusercontent.com/gap-system/gap/master/tst/testinstall/opers/IsInfiniteAbelianizationGroup.g
GAP,https://raw.githubusercontent.com/gap-system/gap/master/tst/testmanuals.g
GAP,https://raw.githubusercontent.com/gap-system/gap/master/tst/testprofiling.g
GAP,https://raw.githubusercontent.com/gap-system/gap/master/tst/testrandom.g
GAP,https://raw.githubusercontent.com/gap-system/gap/master/tst/testspecial/64bit/low-mem-list-types.g
GAP,https://raw.githubusercontent.com/gap-system/gap/master/tst/testspecial/64bit/low-mem-plist-1.g
GAP,https://raw.githubusercontent.com/gap-system/gap/master/tst/testspecial/64bit/low-mem-plist-2.g
GAP,https://raw.githubusercontent.com/gap-system/gap/master/tst/testspecial/ShowDeclarationsOfOperation.g
GAP,https://raw.githubusercontent.com/gap-system/gap/master/tst/testspecial/array_access.g
GAP,https://raw.githubusercontent.com/gap-system/gap/master/tst/testspecial/at-exit.g
GAP,https://raw.githubusercontent.com/gap-system/gap/master/tst/testspecial/backtrace.g
GAP,https://raw.githubusercontent.com/gap-system/gap/master/tst/testspecial/backtrace2.g
GAP,https://raw.githubusercontent.com/gap-system/gap/master/tst/testspecial/bad-add.g
GAP,https://raw.githubusercontent.com/gap-system/gap/master/tst/testspecial/bad-array-double-1.g
GAP,https://raw.githubusercontent.com/gap-system/gap/master/tst/testspecial/bad-array-int-0.g
GAP,https://raw.githubusercontent.com/gap-system/gap/master/tst/testspecial/bad-array-int-1.g
GAP,https://raw.githubusercontent.com/gap-system/gap/master/tst/testspecial/bad-array-string.g
GAP,https://raw.githubusercontent.com/gap-system/gap/master/tst/testspecial/bad-array-undef-0.g
GAP,https://raw.githubusercontent.com/gap-system/gap/master/tst/testspecial/bad-array-undef-1.g
GAP,https://raw.githubusercontent.com/gap-system/gap/master/tst/testspecial/bad-minus.g
GAP,https://raw.githubusercontent.com/gap-system/gap/master/tst/testspecial/break-loop-loop.g
GAP,https://raw.githubusercontent.com/gap-system/gap/master/tst/testspecial/broken-test.g
GAP,https://raw.githubusercontent.com/gap-system/gap/master/tst/testspecial/bugfix-2019-09-27-LastPV.g
GAP,https://raw.githubusercontent.com/gap-system/gap/master/tst/testspecial/debug-var.g
GAP,https://raw.githubusercontent.com/gap-system/gap/master/tst/testspecial/error-in-InputTextString.g
GAP,https://raw.githubusercontent.com/gap-system/gap/master/tst/testspecial/exit-in-InputTextString.g
GAP,https://raw.githubusercontent.com/gap-system/gap/master/tst/testspecial/func-and-proc-call-trace.g
GAP,https://raw.githubusercontent.com/gap-system/gap/master/tst/testspecial/funccall-ReadEvalError.g
GAP,https://raw.githubusercontent.com/gap-system/gap/master/tst/testspecial/good.g
GAP,https://raw.githubusercontent.com/gap-system/gap/master/tst/testspecial/help.g
GAP,https://raw.githubusercontent.com/gap-system/gap/master/tst/testspecial/last-access.g
GAP,https://raw.githubusercontent.com/gap-system/gap/master/tst/testspecial/leading-empty-line.g
GAP,https://raw.githubusercontent.com/gap-system/gap/master/tst/testspecial/line-continuation.g
GAP,https://raw.githubusercontent.com/gap-system/gap/master/tst/testspecial/mem-overflow.g
GAP,https://raw.githubusercontent.com/gap-system/gap/master/tst/testspecial/method-not-found.g
GAP,https://raw.githubusercontent.com/gap-system/gap/master/tst/testspecial/print-compiled-func.g
GAP,https://raw.githubusercontent.com/gap-system/gap/master/tst/testspecial/print-formatting.g
GAP,https://raw.githubusercontent.com/gap-system/gap/master/tst/testspecial/repl-syntax-err.g
GAP,https://raw.githubusercontent.com/gap-system/gap/master/tst/testspecial/stack-depth-func.g
GAP,https://raw.githubusercontent.com/gap-system/gap/master/tst/testspecial/stack-depth-func2.g
GAP,https://raw.githubusercontent.com/gap-system/gap/master/tst/testspecial/stack-depth-rec.g
GAP,https://raw.githubusercontent.com/gap-system/gap/master/tst/testspecial/syntax-tree-current-statement.g
GAP,https://raw.githubusercontent.com/gap-system/gap/master/tst/testspecial/syntax-tree-error.g
GAP,https://raw.githubusercontent.com/gap-system/gap/master/tst/testspecial/testing-test.g
GAP,https://raw.githubusercontent.com/gap-system/gap/master/tst/testspecial/top-level-error.g
GAP,https://raw.githubusercontent.com/gap-system/gap/master/tst/testspecial/trace.g
GAP,https://raw.githubusercontent.com/gap-system/gap/master/tst/testspecial/up-down-env.g
GAP,https://raw.githubusercontent.com/gap-system/gap/master/tst/teststandard.g
GAP,https://raw.githubusercontent.com/gap-system/gap/master/tst/teststandard/arithlst.g
GAP,https://raw.githubusercontent.com/gap-system/gap/master/tst/testutil.g
